EID,Month,Gross Pay,Deductions,Net Pay
6159,April 2025,5894.92,630.18,5264.74
6159,May 2025,6897.03,1010.0,5887.03
6159,May 2025,8146.48,510.16,7636.32
9376,April 2025,7751.25,967.02,6784.23
9376,May 2025,3328.19,713.3,2614.89
9376,May 2025,7503.21,757.39,6745.82
9957,April 2025,6671.24,1135.57,5535.67
9957,April 2025,5857.81,659.87,5197.940000000001
9957,April 2025,4287.15,945.51,3341.639999999999
5966,May 2025,4686.78,570.41,4116.37
5966,May 2025,9002.79,473.22,8529.570000000002
5966,March 2025,6241.18,369.15,5872.030000000001
6321,May 2025,5888.74,799.81,5088.93
6321,May 2025,6709.94,766.1,5943.839999999999
6321,May 2025,4784.97,696.32,4088.65
8770,March 2025,3553.49,839.74,2713.75
8770,April 2025,5597.54,942.76,4654.78
8770,May 2025,8805.84,361.84,8444.0
7142,April 2025,5640.18,1025.96,4614.22
7142,March 2025,3276.83,387.34,2889.49
7142,March 2025,8632.55,1005.1,7627.449999999999
9014,April 2025,7700.15,560.42,7139.73
9014,March 2025,4462.22,1388.44,3073.78
9014,May 2025,5122.32,1390.79,3731.53
1578,March 2025,4482.65,528.03,3954.62
1578,April 2025,8190.33,1196.26,6994.07
1578,April 2025,8280.32,1397.33,6882.99
7323,May 2025,7869.38,1144.52,6724.860000000001
7323,May 2025,5776.42,587.2,5189.22
7323,April 2025,5251.31,639.67,4611.64
1261,April 2025,6263.75,1078.47,5185.28
1261,May 2025,5158.96,731.57,4427.39
1261,April 2025,9179.68,859.2,8320.48
4553,March 2025,8619.72,1166.9,7452.82
4553,May 2025,8331.4,684.28,7647.12
4553,March 2025,4421.89,675.51,3746.38
4656,May 2025,3320.01,1336.9,1983.11
4656,April 2025,8188.77,319.46,7869.31
4656,April 2025,6873.18,1000.84,5872.34
2136,March 2025,8040.08,654.23,7385.85
2136,April 2025,4373.34,576.02,3797.32
2136,April 2025,6988.53,594.88,6393.65
9124,June 2025,6854.5,1432.16,5422.34
9124,April 2025,5362.95,1216.03,4146.92
9124,April 2025,6420.35,1168.27,5252.08
8664,March 2025,8177.16,852.99,7324.17
8664,May 2025,8129.41,722.61,7406.8
8664,April 2025,3979.71,955.86,3023.85
1838,May 2025,4288.33,1367.24,2921.09
1838,April 2025,9932.26,1448.68,8483.58
1838,March 2025,6667.61,1306.88,5360.73
5694,May 2025,3520.31,1281.6,2238.71
5694,May 2025,3339.6,307.66,3031.94
5694,March 2025,3962.44,1056.84,2905.6
7112,May 2025,3475.78,481.24,2994.54
7112,March 2025,4531.04,847.21,3683.83
7112,May 2025,3423.15,1065.27,2357.88
7862,March 2025,9537.33,1395.3,8142.03
7862,March 2025,7614.99,318.88,7296.11
7862,March 2025,6725.49,793.61,5931.88
3833,March 2025,3117.08,1166.63,1950.45
3833,April 2025,6750.17,644.03,6106.14
3833,May 2025,6515.51,1137.43,5378.08
5747,May 2025,6014.01,1427.65,4586.360000000001
5747,May 2025,4254.87,1401.66,2853.21
5747,March 2025,6670.7,589.16,6081.54
3233,May 2025,7338.47,602.9,6735.570000000001
3233,April 2025,5481.09,1253.92,4227.17
3233,April 2025,3553.13,1451.16,2101.97
3576,April 2025,6212.98,591.85,5621.129999999999
3576,March 2025,7880.65,659.97,7220.679999999999
3576,March 2025,8796.43,396.74,8399.69
2362,March 2025,9941.72,1079.87,8861.849999999999
2362,June 2025,3221.79,786.33,2435.46
2362,April 2025,5640.19,871.21,4768.98
5747,April 2025,7457.24,1143.41,6313.83
5747,April 2025,3578.8,1314.4,2264.4
5747,May 2025,7514.35,697.52,6816.83
3048,March 2025,9841.3,1468.61,8372.689999999999
3048,March 2025,9263.54,1402.98,7860.560000000001
3048,March 2025,4608.37,1381.53,3226.84
8713,March 2025,7846.01,980.14,6865.87
8713,March 2025,4897.67,1408.99,3488.68
8713,April 2025,7791.0,636.45,7154.55
7581,April 2025,6801.21,1089.73,5711.48
7581,April 2025,4255.48,1320.51,2934.969999999999
7581,April 2025,3109.61,548.59,2561.02
7501,April 2025,4009.34,1284.83,2724.51
7501,April 2025,8746.32,1414.65,7331.67
7501,March 2025,5094.94,976.75,4118.19
1011,March 2025,6966.87,1319.33,5647.54
1011,March 2025,7739.24,948.67,6790.57
1011,April 2025,5686.92,1187.69,4499.23
5223,April 2025,8533.49,1127.17,7406.32
5223,March 2025,3548.99,1194.55,2354.44
5223,April 2025,5421.02,417.22,5003.8
4760,April 2025,4625.01,391.22,4233.79
4760,May 2025,7236.18,1036.64,6199.54
4760,April 2025,7169.26,1462.7,5706.56
6050,May 2025,5284.64,1060.95,4223.690000000001
6050,April 2025,8484.84,840.66,7644.18
6050,March 2025,4596.97,963.65,3633.32
1195,March 2025,5627.99,522.89,5105.099999999999
1195,April 2025,7101.13,756.09,6345.04
1195,April 2025,8405.17,654.46,7750.71
8179,May 2025,4725.15,388.21,4336.94
8179,March 2025,4875.8,756.0,4119.8
8179,May 2025,8487.23,485.13,8002.099999999999
7573,May 2025,5727.35,732.84,4994.51
7573,April 2025,3640.64,1431.55,2209.09
7573,May 2025,6113.15,1213.62,4899.53
4078,March 2025,3715.62,404.76,3310.86
4078,April 2025,6016.86,968.38,5048.48
4078,April 2025,6587.09,423.95,6163.14
3897,March 2025,3627.33,965.06,2662.27
3897,May 2025,7178.47,1241.33,5937.14
3897,April 2025,9046.03,314.81,8731.220000000001
7864,March 2025,5896.67,1235.0,4661.67
7864,March 2025,8073.91,971.44,7102.469999999999
7864,March 2025,9949.11,591.29,9357.82
9168,April 2025,6647.73,1122.38,5525.349999999999
9168,March 2025,4186.51,622.7,3563.81
9168,April 2025,4878.85,475.12,4403.73
6588,March 2025,4170.45,631.15,3539.3
6588,March 2025,5098.27,1239.2,3859.070000000001
6588,March 2025,5527.87,1433.07,4094.8
5263,April 2025,8046.3,894.96,7151.34
5263,March 2025,7316.68,849.43,6467.25
5263,April 2025,3948.43,308.12,3640.31
8666,April 2025,5769.84,1309.94,4459.9
8666,April 2025,5659.23,1334.64,4324.589999999999
8666,May 2025,6081.56,816.74,5264.820000000001
8478,March 2025,8764.75,1081.24,7683.51
8478,April 2025,7160.75,660.52,6500.23
8478,March 2025,7222.48,1134.35,6088.129999999999
3193,June 2025,6353.07,513.16,5839.91
3193,March 2025,5787.68,682.97,5104.71
3193,May 2025,8144.12,1059.48,7084.639999999999
8619,May 2025,9774.34,1238.37,8535.970000000001
8619,April 2025,5281.2,636.36,4644.84
8619,April 2025,8501.07,738.02,7763.049999999999
5042,May 2025,9524.47,539.76,8984.71
5042,March 2025,9980.85,515.91,9464.94
5042,April 2025,8373.33,332.3,8041.03
6537,March 2025,8090.49,1431.57,6658.92
6537,March 2025,4467.54,1257.22,3210.32
6537,April 2025,8818.97,382.99,8435.98
5717,March 2025,8934.52,1254.05,7680.47
5717,April 2025,7710.84,467.01,7243.83
5717,April 2025,5119.83,603.22,4516.61
4272,May 2025,4079.0,807.75,3271.25
4272,May 2025,5638.94,838.88,4800.059999999999
4272,April 2025,7185.54,998.69,6186.85
9084,May 2025,6740.57,1408.19,5332.379999999999
9084,May 2025,9087.44,801.96,8285.48
9084,April 2025,3257.36,1462.11,1795.25
6798,April 2025,7911.44,1274.76,6636.679999999999
6798,April 2025,7156.74,1397.28,5759.46
6798,April 2025,3765.59,597.88,3167.71
9450,May 2025,7652.86,499.61,7153.25
9450,May 2025,7288.75,975.86,6312.89
9450,May 2025,7515.22,1076.09,6439.13
8215,May 2025,9767.68,697.92,9069.76
8215,April 2025,8573.62,427.13,8146.490000000001
8215,March 2025,3690.25,566.4,3123.85
2974,April 2025,8227.97,969.59,7258.379999999999
2974,April 2025,7813.65,565.24,7248.41
2974,April 2025,5618.84,855.68,4763.16
7412,June 2025,7756.89,1128.52,6628.370000000001
7412,May 2025,4055.21,1497.24,2557.97
7412,March 2025,6379.4,654.52,5724.879999999999
7830,April 2025,9443.83,403.03,9040.8
7830,April 2025,8819.22,1176.18,7643.039999999999
7830,March 2025,5438.3,711.68,4726.62
9106,April 2025,8489.89,925.34,7564.549999999999
9106,April 2025,5438.1,417.15,5020.950000000001
9106,March 2025,8053.96,842.94,7211.02
8473,May 2025,3470.22,353.62,3116.6
8473,May 2025,7975.45,327.1,7648.349999999999
8473,May 2025,5401.55,431.24,4970.31
6861,April 2025,8600.35,1415.91,7184.440000000001
6861,April 2025,8183.43,919.19,7264.24
6861,May 2025,6863.37,697.19,6166.18
7276,March 2025,5984.59,854.46,5130.13
7276,April 2025,8584.29,1055.71,7528.580000000001
7276,April 2025,4304.71,1088.77,3215.94
5982,March 2025,5769.08,1184.87,4584.21
5982,May 2025,9181.68,839.49,8342.19
5982,May 2025,6006.87,305.34,5701.53
7653,April 2025,4503.57,634.01,3869.559999999999
7653,April 2025,7926.32,1255.21,6671.11
7653,March 2025,7041.44,1259.4,5782.039999999999
3121,June 2025,6758.22,738.95,6019.27
3121,April 2025,4379.52,436.75,3942.77
3121,March 2025,7694.91,887.38,6807.53
9832,April 2025,9761.41,676.08,9085.33
9832,April 2025,5720.47,771.05,4949.42
9832,March 2025,3799.62,722.38,3077.24
7540,May 2025,6205.02,507.03,5697.990000000001
7540,May 2025,7715.12,1260.74,6454.38
7540,April 2025,9430.78,1008.2,8422.58
3007,March 2025,7704.77,675.82,7028.950000000001
3007,May 2025,4670.01,440.34,4229.67
3007,April 2025,5613.14,469.63,5143.51
5290,June 2025,5719.24,1015.71,4703.53
5290,May 2025,7023.64,807.65,6215.990000000001
5290,March 2025,6406.69,944.86,5461.83
1554,April 2025,9434.13,1416.83,8017.299999999999
1554,May 2025,4212.64,500.24,3712.400000000001
1554,March 2025,5021.84,524.52,4497.32
5879,May 2025,8893.9,1043.29,7850.61
5879,May 2025,9058.66,1442.21,7616.45
5879,March 2025,6392.26,534.15,5858.110000000001
3077,May 2025,5687.61,973.9,4713.71
3077,May 2025,7571.49,790.96,6780.53
3077,May 2025,6442.08,1152.17,5289.91
1501,May 2025,6106.96,500.7,5606.26
1501,April 2025,6957.78,1255.06,5702.719999999999
1501,May 2025,4543.71,339.23,4204.48
5882,April 2025,4573.9,646.4,3927.5
5882,March 2025,8465.18,978.78,7486.400000000001
5882,May 2025,8407.83,894.38,7513.45
2315,April 2025,6575.64,987.26,5588.38
2315,March 2025,4875.22,951.73,3923.49
2315,March 2025,9936.26,950.45,8985.81
4917,May 2025,8297.5,1212.0,7085.5
4917,March 2025,6089.57,562.25,5527.32
4917,May 2025,5976.08,1183.19,4792.889999999999
2540,April 2025,7575.7,597.04,6978.66
2540,May 2025,9123.67,338.68,8784.99
2540,April 2025,4839.71,1334.64,3505.07
4157,March 2025,3608.88,1338.35,2270.53
4157,April 2025,3821.7,1274.27,2547.43
4157,April 2025,4469.15,1185.14,3284.009999999999
4081,April 2025,7823.94,1333.26,6490.679999999999
4081,April 2025,7271.83,813.8,6458.03
4081,April 2025,7313.06,1241.82,6071.240000000001
8227,April 2025,8694.71,1266.53,7428.179999999999
8227,April 2025,6990.52,938.74,6051.780000000001
8227,May 2025,7178.0,502.05,6675.95
2372,May 2025,9853.0,651.16,9201.84
2372,May 2025,7009.15,1442.88,5566.27
2372,May 2025,6600.9,1380.19,5220.709999999999
1043,April 2025,8706.27,462.71,8243.560000000001
1043,April 2025,8250.66,793.92,7456.74
1043,March 2025,3415.0,632.79,2782.21
3267,May 2025,7591.27,1141.71,6449.56
3267,April 2025,3928.84,475.49,3453.35
3267,May 2025,5254.68,597.07,4657.610000000001
8738,May 2025,8904.89,771.24,8133.65
8738,May 2025,3995.2,1058.88,2936.32
8738,April 2025,7394.69,750.21,6644.48
2981,April 2025,3528.61,1253.52,2275.09
2981,May 2025,8382.19,783.42,7598.77
2981,May 2025,8248.62,1133.64,7114.98
1812,March 2025,9141.22,845.63,8295.59
1812,March 2025,6416.31,998.35,5417.96
1812,May 2025,9082.35,1316.6,7765.75
1915,March 2025,3651.99,1466.58,2185.41
1915,May 2025,7443.88,1136.75,6307.13
1915,May 2025,8950.74,1254.81,7695.93
6220,April 2025,5784.01,1461.75,4322.26
6220,March 2025,8773.93,893.66,7880.27
6220,May 2025,5260.06,640.31,4619.75
9730,May 2025,6831.17,456.71,6374.46
9730,March 2025,8966.96,1245.96,7720.999999999999
9730,April 2025,9259.08,1214.7,8044.38
3596,May 2025,3321.6,1051.42,2270.18
3596,May 2025,8856.92,319.54,8537.38
3596,May 2025,9506.03,489.58,9016.45
3040,April 2025,6195.63,1490.21,4705.42
3040,May 2025,5994.6,1494.83,4499.77
3040,April 2025,9365.85,1358.58,8007.27
9563,May 2025,5113.06,1349.31,3763.75
9563,April 2025,9136.17,412.01,8724.16
9563,March 2025,5523.05,398.9,5124.150000000001
6035,March 2025,7651.56,1078.69,6572.870000000001
6035,March 2025,3362.51,1050.73,2311.78
6035,March 2025,8081.92,1206.28,6875.64
2194,March 2025,6004.62,409.44,5595.18
2194,April 2025,3666.29,556.11,3110.18
2194,May 2025,3545.57,1012.42,2533.15
7987,April 2025,6636.11,834.08,5802.03
7987,April 2025,3056.44,712.29,2344.15
7987,April 2025,3844.16,1332.41,2511.75
9558,May 2025,7858.22,873.24,6984.98
9558,April 2025,4602.63,407.2,4195.43
9558,March 2025,8641.7,423.84,8217.86
3066,April 2025,5572.93,659.11,4913.820000000001
3066,April 2025,5679.05,1276.04,4403.01
3066,April 2025,9121.48,1069.89,8051.589999999999
4511,April 2025,7739.96,382.09,7357.87
4511,May 2025,6943.04,1032.38,5910.66
4511,May 2025,4148.82,721.43,3427.39
6835,April 2025,4491.39,1197.92,3293.47
6835,May 2025,9439.26,1039.29,8399.970000000001
6835,April 2025,6096.69,560.69,5536.0
9639,March 2025,9276.15,468.02,8808.13
9639,April 2025,3862.1,1176.01,2686.09
9639,March 2025,5460.75,815.27,4645.48
